"id","code","name","type","user_type:id","parent_id:id","reconcile"
"ves0",0,"Vert Energy Africa (Pvt.) Ltd","View","account.data_account_type_view",,"FALSE"
"ves1",1,"Balance Sheet","View","account.data_account_type_view","ves0","FALSE"
"ves10",10,"Fixed Assets","View","account.account_type_asset_view1","ves1","FALSE"
"ves100000",100000,"Fixed Asset Account","Regular","account.account_type_asset_view1","ves10","FALSE"
"ves100100",100100,"Property,  Plant and equipment (PpandE)","View","account.account_type_asset_view1","ves10","FALSE"
"ves100111",100111,"Land and Buildings","Regular","account.data_account_type_asset","ves100100","FALSE"
"ves100112",100112,"Land and Buildings Net Value","Regular","account.data_account_type_asset","ves100111","FALSE"
"ves100113",100113,"Land and Buildings @ Cost","Regular","account.data_account_type_asset","ves100111","FALSE"
"ves100114",100114,"Land and Buildings Accumulated Depreciation","Regular","account.data_account_type_asset","ves100111","FALSE"
"ves100121",100121,"Investment Properties","Regular","account.data_account_type_asset","ves100100","FALSE"
"ves100122",100122,"Investment Properties Net Value","Regular","account.data_account_type_asset","ves100121","FALSE"
"ves100123",100123,"Investment Properties @ Cost","Regular","account.data_account_type_asset","ves100121","FALSE"
"ves100124",100124,"Investment Properties Accumulated Depreciation","Regular","account.data_account_type_asset","ves100121","FALSE"
"ves100131",100131,"Machinery and Tools","Regular","account.data_account_type_asset","ves100100","FALSE"
"ves100132",100132,"Machinery and Tools Net Value","Regular","account.data_account_type_asset","ves100131","FALSE"
"ves100133",100133,"Machinery and Tools @ Cost","Regular","account.data_account_type_asset","ves100131","FALSE"
"ves100134",100134,"Machinery and Tools Accumulated Depreciation","Regular","account.data_account_type_asset","ves100131","FALSE"
"ves100141",100141,"Motor Vehicles","Regular","account.data_account_type_asset","ves100100","FALSE"
"ves100142",100142,"Motor Vehicles Net Value","Regular","account.data_account_type_asset","ves100141","FALSE"
"ves100143",100143,"Motor Vehicles @ Cost","Regular","account.data_account_type_asset","ves100141","FALSE"
"ves100144",100144,"Motor Vehicles Accumulated Depreciation","Regular","account.data_account_type_asset","ves100141","FALSE"
"ves100151",100151,"Warehouse Delivery Equipment","Regular","account.data_account_type_asset","ves100100","FALSE"
"ves100152",100152,"Warehouse Delivery Equipment Net Value","Regular","account.data_account_type_asset","ves100151","FALSE"
"ves100153",100153,"Warehouse Delivery Equipment @ Cost","Regular","account.data_account_type_asset","ves100151","FALSE"
"ves100154",100154,"Warehouse Delivery Equipment Accumulated Depreciation","Regular","account.data_account_type_asset","ves100151","FALSE"
"ves100161",100161,"Furniture and fixtures","Regular","account.data_account_type_asset","ves100100","FALSE"
"ves100162",100162,"Furniture and fixtures Net Value","Regular","account.data_account_type_asset","ves100161","FALSE"
"ves100163",100163,"Furniture and fixtures @ Cost","Regular","account.data_account_type_asset","ves100161","FALSE"
"ves100164",100164,"Furniture and fixtures Accumulated Depreciation","Regular","account.data_account_type_asset","ves100161","FALSE"
"ves100171",100171,"Information systems (Hardware)","Regular","account.data_account_type_asset","ves100100","FALSE"
"ves100172",100172,"Information systems (Hardware) Net Value","Regular","account.data_account_type_asset","ves100171","FALSE"
"ves100173",100173,"Information systems (Hardware) @ Cost","Regular","account.data_account_type_asset","ves100171","FALSE"
"ves100174",100174,"Information systems (Hardware) Accumulated Depreciation","Regular","account.data_account_type_asset","ves100171","FALSE"
"ves100181",100181,"Information systems (Software)","Regular","account.data_account_type_asset","ves100100","FALSE"
"ves100182",100182,"Information systems (Software) Net Value","Regular","account.data_account_type_asset","ves100181","FALSE"
"ves100183",100183,"Information systems (Software) @ Cost","Regular","account.data_account_type_asset","ves100181","FALSE"
"ves100184",100184,"Information systems (Software)) Accumulated Depreciation","Regular","account.data_account_type_asset","ves100181","FALSE"
"ves100200",100200,"Assets to be disposed of","Regular","account.data_account_type_asset","ves100100","FALSE"
"ves11",11,"Net Current Assets","View","account.account_type_asset_view1","ves1","FALSE"
"ves110",110,"Current Assets","View","account.account_type_asset_view1","ves11","FALSE"
"ves110100",110100,"Purchased Stocks (Inventory)","Regular","account.data_account_type_asset","ves110","FALSE"
"ves110110",110110,"Purchased Stocks (Goods In Transit)","Regular","account.data_account_type_asset","ves110","FALSE"
"ves110200",110200,"Debtors (Receivables)","Receivable","account.data_account_type_receivable","ves110","FALSE"
"ves110210",110210,"Staff Loans ","Regular","account.data_account_type_asset","ves110","FALSE"
"ves110300",110300,"Tax Paid","Regular","account.data_account_type_asset","ves110","FALSE"
"ves1104",1104,"Bank All Accounts","View","account.account_type_asset_view1","ves110","FALSE"
"ves110401",110401,"Cash (Not Banked)","Liquidity","account.data_account_type_cash","ves110","FALSE"
"ves110402",110402,"Bank ( F.N.B)","View","account.account_type_asset_view1","ves1104","FALSE"
"ves110403",110403,"First National Bank C.A. 62308623629","Liquidity","account.data_account_type_bank","ves110402","FALSE"
"ves110404",110404,"First National Bank M.M. 62310223821","Liquidity","account.data_account_type_bank","ves110402","FALSE"
"ves110408",110408,"Petty Cash","Liquidity","account.data_account_type_cash","ves110","FALSE"
"ves110501",110501,"Advance Payments Received","Regular","account.data_account_type_asset","ves110","FALSE"
"ves110502",110502,"Pre-Paid Expenses","Regular","account.data_account_type_asset","ves110","FALSE"
"ves110503",110503,"Deferred Tax (may be presented net)","Regular","account.data_account_type_asset","ves110","FALSE"
"ves110600",110600,"Opening Income Account","Regular","account.data_account_type_income","ves110","FALSE"
"ves12",12,"Current Liabilities","View","account.account_type_liability_view1","ves1","FALSE"
"ves120000",120000,"Creditors","Payable","account.data_account_type_payable","ves12","FALSE"
"ves120100",120100,"G R Robertson","Regular","account.data_account_type_liability","ves12","FALSE"
"ves120200",120200,"D Robertson","Regular","account.data_account_type_liability","ves12","FALSE"
"ves121000",121000,"VAT Account","Regular","account.data_account_type_liability","ves12","FALSE"
"ves121100",121100,"With Holding Taxes","Regular","account.data_account_type_liability","ves12","FALSE"
"ves121200",121200,"Deferred tax (may be presented net)","Regular","account.data_account_type_liability","ves12","FALSE"
"ves121300",121300,"PAYE,SDL, UIF Control Account","Regular","account.data_account_type_liability","ves12","FALSE"
"ves121400",121400,"Medical Aid Control Account","Regular","account.data_account_type_liability","ves12","FALSE"
"ves121500",121500,"VIP Control Account","Regular","account.data_account_type_liability","ves12","FALSE"
"ves122000",122000,"Reserve and Profit/Loss Account (Retained Earnings)","Regular","account.data_account_type_liability","ves12","FALSE"
"ves123000",123000,"Opening Expense Account","Regular","account.data_account_type_liability","ves12","FALSE"
"ves124000",124000,"Notes Payable","Regular","account.data_account_type_liability","ves12","FALSE"
"ves125000",125000,"Short-term loans","Regular","account.data_account_type_liability","ves12","FALSE"
"ves126000",126000,"Other payables","Regular","account.data_account_type_liability","ves12","FALSE"
"ves126100",126100,"Vehicles (1)","Regular","account.data_account_type_liability","ves12","FALSE"
"ves126200",126200,"Vehicles (2)","Regular","account.data_account_type_liability","ves12","FALSE"
"ves126300",126300,"Vehicles (3)","Regular","account.data_account_type_liability","ves12","FALSE"
"ves127000",127000,"Shareholders Loan Account","Regular","account.data_account_type_liability","ves12","FALSE"
"ves127100",127100,"G Robertson - Loan Account","Regular","account.data_account_type_liability","ves12","FALSE"
"ves127200",127200,"GR Robertson - Loan Account","Regular","account.data_account_type_liability","ves12","FALSE"
"ves128000",128000,"Accrued and Deferred items","Regular","account.data_account_type_liability","ves12","FALSE"
"ves129000",129000,"Suspense Account","Regular","account.data_account_type_liability","ves12","FALSE"
"ves130000",130000,"Equity","Regular","account.conf_account_type_equity","ves1","FALSE"
"ves2",2,"Profit and Loss","View","account.data_account_type_view","ves0","FALSE"
"ves20",20,"Revenue","View","account.account_type_income_view1","ves2","FALSE"
"ves200000",200000,"Product Sales","Regular","account.data_account_type_income","ves20","FALSE"
"ves201000",201000,"Electric Power Generation","View","account.data_account_type_income","ves200000","FALSE"
"ves201100",201100,"Alternators","Regular","account.data_account_type_income","ves201000","FALSE"
"ves201200",201200,"Engines","Regular","account.data_account_type_income","ves201000","FALSE"
"ves201300",201300,"CKD","Regular","account.data_account_type_income","ves201000","FALSE"
"ves201400",201400,"Heat Exchangers","Regular","account.data_account_type_income","ves201000","FALSE"
"ves201500",201500,"Instrumentation","Regular","account.data_account_type_income","ves201000","FALSE"
"ves201600",201600,"Panels","Regular","account.data_account_type_income","ves201000","FALSE"
"ves201700",201700,"Transfer Switches","Regular","account.data_account_type_income","ves201000","FALSE"
"ves201800",201800,"Load Banks","Regular","account.data_account_type_income","ves201000","FALSE"
"ves201900",201900,"Generators (Complete)","Regular","account.data_account_type_income","ves201000","FALSE"
"ves202000",202000,"Electro-Mechanical Power Transmission","View","account.data_account_type_income","ves200000","FALSE"
"ves202100",202100,"Electric Motors","Regular","account.data_account_type_income","ves202000","FALSE"
"ves202200",202200,"Variable Speed Drives","Regular","account.data_account_type_income","ves202000","FALSE"
"ves202300",202300,"Power Transmission","Regular","account.data_account_type_income","ves202000","FALSE"
"ves203000",203000,"Spare Parts","Regular","account.data_account_type_income","ves202000","FALSE"
"ves204000",204000,"Service And Maintenance","View","account.data_account_type_income","ves20","FALSE"
"ves204100",204100,"Labour","Regular","account.data_account_type_income","ves204000","FALSE"
"ves204200",204200,"Consumables","Regular","account.data_account_type_income","ves204000","FALSE"
"ves204300",204300,"Engineering Services","Regular","account.data_account_type_income","ves204000","FALSE"
"ves204400",204400,"Service Options","Regular","account.data_account_type_income","ves204000","FALSE"
"ves205000",205000,"Training","Regular","account.data_account_type_income","ves20","FALSE"
"ves206000",206000,"Project Management Fees","Regular","account.data_account_type_income","ves20","FALSE"
"ves207000",207000,"Commissions","Regular","account.data_account_type_income","ves20","FALSE"
"ves208000",208000,"Contracts","Regular","account.data_account_type_income","ves20","FALSE"
"ves209000",209000,"General Items","Regular","account.data_account_type_income","ves20","FALSE"
"ves209101",209101,"Freight- Roadfreight","Regular","account.data_account_type_income","ves20","FALSE"
"ves209102",209102,"Freight- Seafreight","Regular","account.data_account_type_income","ves20","FALSE"
"ves209103",209103,"Freight- Airftreight","Regular","account.data_account_type_income","ves20","FALSE"
"ves209200",209200,"Sundry Charges","Regular","account.data_account_type_income","ves20","FALSE"
"ves209300",209300,"Interest Received","Regular","account.data_account_type_income","ves20","FALSE"
"ves209400",209400,"Adjustments","Regular","account.data_account_type_income","ves20","FALSE"
"ves209500",209500,"Cash Discounts","Regular","account.data_account_type_income","ves20","FALSE"
"ves209600",209600,"Returns and Allowances","Regular","account.data_account_type_income","ves20","FALSE"
"ves209700",209700,"Other Adjustments","Regular","account.data_account_type_income","ves20","FALSE"
"ves21",21,"Cost of Sales","View","account.account_type_income_view1","ves2","FALSE"
"ves210000",210000,"Cost of Goods Sold","Regular","account.data_account_type_expense","ves21","FALSE"
"ves211000",211000,"Electric Power Generation","View","account.data_account_type_expense","ves210000","FALSE"
"ves211100",211100,"Alternators","Regular","account.data_account_type_expense","ves211000","FALSE"
"ves211200",211200,"Engines","Regular","account.data_account_type_expense","ves211000","FALSE"
"ves211300",211300,"CKD","Regular","account.data_account_type_expense","ves211000","FALSE"
"ves211400",211400,"Heat Exchangers","Regular","account.data_account_type_expense","ves211000","FALSE"
"ves211500",211500,"Instrumentation","Regular","account.data_account_type_expense","ves211000","FALSE"
"ves211600",211600,"Panels","Regular","account.data_account_type_expense","ves211000","FALSE"
"ves211700",211700,"Transfer Switches","Regular","account.data_account_type_expense","ves211000","FALSE"
"ves211800",211800,"Load Banks","Regular","account.data_account_type_expense","ves211000","FALSE"
"ves211900",211900,"Generators (Complete)","Regular","account.data_account_type_expense","ves211000","FALSE"
"ves212000",212000,"Electro-Mechanical Power Transmission","View","account.data_account_type_expense","ves210000","FALSE"
"ves212100",212100,"Electric Motors","Regular","account.data_account_type_expense","ves212000","FALSE"
"ves212200",212200,"Variable Speed Drives","Regular","account.data_account_type_expense","ves212000","FALSE"
"ves212300",212300,"Power Transmission","Regular","account.data_account_type_expense","ves212000","FALSE"
"ves213000",213000,"Spare Parts","Regular","account.data_account_type_expense","ves212000","FALSE"
"ves214000",214000,"Service And Maintenance","Regular","account.data_account_type_expense","ves21","FALSE"
"ves214100",214100,"Labour","Regular","account.data_account_type_expense","ves21","FALSE"
"ves214200",214200,"Consumables","Regular","account.data_account_type_expense","ves21","FALSE"
"ves214300",214300,"Engineering Services","Regular","account.data_account_type_expense","ves21","FALSE"
"ves214400",214400,"Service Options","Regular","account.data_account_type_expense","ves21","FALSE"
"ves215000",215000,"Training","Regular","account.data_account_type_expense","ves21","FALSE"
"ves216000",216000,"Project Management Fees","Regular","account.data_account_type_expense","ves21","FALSE"
"ves217000",217000,"Commissions","Regular","account.data_account_type_expense","ves21","FALSE"
"ves218000",218000,"Contracts","Regular","account.data_account_type_expense","ves21","FALSE"
"ves219000",219000,"General Items","Regular","account.data_account_type_expense","ves21","FALSE"
"ves219101",219101,"Freight- Roadfreight","Regular","account.data_account_type_expense","ves21","FALSE"
"ves219102",219102,"Freight- Seafreight","Regular","account.data_account_type_expense","ves21","FALSE"
"ves219103",219103,"Freight- Airftreight","Regular","account.data_account_type_expense","ves21","FALSE"
"ves219200",219200,"Sundry Charges","Regular","account.data_account_type_expense","ves21","FALSE"
"ves22",22,"Overheads","View","account.account_type_income_view1","ves2","FALSE"
"ves220000",220000,"Expenses","Regular","account.data_account_type_expense","ves22","FALSE"
"ves221000",221000,"Salary Expenses","Regular","account.data_account_type_expense","ves220000","FALSE"
"ves221100",221100,"Salaries","Regular","account.data_account_type_expense","ves221000","FALSE"
"ves221200",221200,"Commissions","Regular","account.data_account_type_expense","ves221100","FALSE"
"ves221300",221300,"Bonuses","Regular","account.data_account_type_expense","ves221100","FALSE"
"ves221400",221400,"Fringe benefits","Regular","account.data_account_type_expense","ves221100","FALSE"
"ves221500",221500,"Training and Courses","Regular","account.data_account_type_expense","ves221100","FALSE"
"ves222000",222000,"Casual wages","View","account.data_account_type_expense","ves221000","FALSE"
"ves223000",223000,"Remuneration and Emoluments","View","account.data_account_type_expense","ves221000","FALSE"
"ves223100",223100,"Directors Remuneration","Regular","account.data_account_type_expense","ves223000","FALSE"
"ves223200",223200,"Salaries","Regular","account.data_account_type_expense","ves223000","FALSE"
"ves223300",223300,"Commissions","Regular","account.data_account_type_expense","ves223000","FALSE"
"ves223400",223400,"Bonuses","Regular","account.data_account_type_expense","ves223000","FALSE"
"ves223500",223500,"Fringe benefits","Regular","account.data_account_type_expense","ves223000","FALSE"
"ves223600",223600,"Training and Courses","Regular","account.data_account_type_expense","ves221000","FALSE"
"ves225000",225000,"Subcontractors","Regular","account.data_account_type_expense","ves221000","FALSE"
"ves226000",226000,"PAYE SDL UIF","Regular","account.data_account_type_expense","ves221000","FALSE"
"ves230000",230000,"General Expenses","View","account.data_account_type_expense","ves220000","FALSE"
"ves231000",231000,"Professional Services Expenses","View","account.data_account_type_expense","ves230000","FALSE"
"ves231100",231100,"Accounting Fees","Regular","account.data_account_type_expense","ves231000","FALSE"
"ves231200",231200,"Audit Fees","Regular","account.data_account_type_expense","ves231000","FALSE"
"ves231300",231300,"Legal Fees","Regular","account.data_account_type_expense","ves231000","FALSE"
"ves231400",231400,"Consultants Fees","Regular","account.data_account_type_expense","ves231000","FALSE"
"ves232000",232000,"Finance and Tax Related Expenses","View","account.data_account_type_expense","ves230000","FALSE"
"ves232100",232100,"Financial Costs","Regular","account.data_account_type_expense","ves232000","FALSE"
"ves232200",232200,"Bank Charges","Regular","account.data_account_type_expense","ves232000","FALSE"
"ves232300",232300,"Finance Charges","Regular","account.data_account_type_expense","ves232000","FALSE"
"ves232400",232400,"Interest Paid","Regular","account.data_account_type_expense","ves232000","FALSE"
"ves232500",232500,"Penalties Paid","Regular","account.data_account_type_expense","ves232000","FALSE"
"ves232600",232600,"Foreign Exchange","Regular","account.data_account_type_expense","ves232000","FALSE"
"ves232700",232700,"Interest Revenue","Regular","account.data_account_type_expense","ves232000","FALSE"
"ves232800",232800,"Income tax","Regular","account.data_account_type_expense","ves232000","FALSE"
"ves232900",232900,"Provisional Tax","Regular","account.data_account_type_expense","ves232000","FALSE"
"ves232901",232901,"Discounts allowed","Regular","account.data_account_type_expense","ves232000","FALSE"
"ves233000",233000,"Insurance Related Expenses","View","account.data_account_type_expense","ves230000","FALSE"
"ves233100",233100,"Insurance PPE","Regular","account.data_account_type_expense","ves233000","FALSE"
"ves233200",233200,"Insurance Life Policies","Regular","account.data_account_type_expense","ves233000","FALSE"
"ves233300",233300,"Insurance Medical Aid","Regular","account.data_account_type_expense","ves233000","FALSE"
"ves233400",233400,"Levies","Regular","account.data_account_type_expense","ves233000","FALSE"
"ves234000",234000,"Equipment and Vehicle Related Expenses","View","account.data_account_type_expense","ves230000","FALSE"
"ves234100",234100,"Leasing Charges","Regular","account.data_account_type_expense","ves234000","FALSE"
"ves234200",234200,"Motor Vehicles","Regular","account.data_account_type_expense","ves234000","FALSE"
"ves234300",234300,"Office Equipment","Regular","account.data_account_type_expense","ves234000","FALSE"
"ves234400",234400,"Warehouse Equipment","Regular","account.data_account_type_expense","ves234000","FALSE"
"ves234500",234500,"Fuel and Oil","Regular","account.data_account_type_expense","ves234000","FALSE"
"ves234600",234600,"Gas","Regular","account.data_account_type_expense","ves234000","FALSE"
"ves234700",234700,"Service and Maintenance","Regular","account.data_account_type_expense","ves234000","FALSE"
"ves234800",234800,"Vehicle Tracking","Regular","account.data_account_type_expense","ves234000","FALSE"
"ves234900",234900,"Licenses and Registrations","Regular","account.data_account_type_expense","ves234000","FALSE"
"ves234910",234910,"Toll Fees","Regular","account.data_account_type_expense","ves234000","FALSE"
"ves235000",235000,"IT Equipment Related Expenses","View","account.data_account_type_expense","ves230000","FALSE"
"ves235100",235100,"IT and Computers","Regular","account.data_account_type_expense","ves235000","FALSE"
"ves235200",235200,"IT and Computers (Hardware)","Regular","account.data_account_type_expense","ves235000","FALSE"
"ves235300",235300,"IT and Computers (Software)","Regular","account.data_account_type_expense","ves235000","FALSE"
"ves236000",236000,"Product Related Expenses","View","account.data_account_type_expense","ves230000","FALSE"
"ves236100",236100,"Product Warrantees","Regular","account.data_account_type_expense","ves236000","FALSE"
"ves236200",236200,"Research and development","Regular","account.data_account_type_expense","ves236000","FALSE"
"ves236300",236300,"Logistics Charges","Regular","account.data_account_type_expense","ves236000","FALSE"
"ves236400",236400,"Engineering / Modification Charges","Regular","account.data_account_type_expense","ves236000","FALSE"
"ves236500",236500,"Workshop Consumables","Regular","account.data_account_type_expense","ves236000","FALSE"
"ves237000",237000,"Office Related Expenses","View","account.data_account_type_expense","ves230000","FALSE"
"ves237100",237100,"Cleaning and Materials","Regular","account.data_account_type_expense","ves237000","FALSE"
"ves237200",237200,"Courier and Postage","Regular","account.data_account_type_expense","ves237000","FALSE"
"ves237300",237300,"Donations and Gifts","Regular","account.data_account_type_expense","ves237000","FALSE"
"ves237400",237400,"Electricity and Water","Regular","account.data_account_type_expense","ves237000","FALSE"
"ves237500",237500,"Printing and Stationery","Regular","account.data_account_type_expense","ves237000","FALSE"
"ves237600",237600,"Rent Offices and Warehouse","Regular","account.data_account_type_expense","ves237000","FALSE"
"ves237700",237700,"Security","Regular","account.data_account_type_expense","ves237000","FALSE"
"ves237800",237800,"Subscriptions","Regular","account.data_account_type_expense","ves237000","FALSE"
"ves237900",237900,"Telephone and Internet","Regular","account.data_account_type_expense","ves237000","FALSE"
"ves237910",237910,"Travel and Accommodation","Regular","account.data_account_type_expense","ves237000","FALSE"
"ves237920",237920,"Uniforms and Protective Clothing","Regular","account.data_account_type_expense","ves237000","FALSE"
"ves238000",238000,"Marketing Related Expenses","View","account.data_account_type_expense","ves230000","FALSE"
"ves238100",238100,"Entertainment","Regular","account.data_account_type_expense","ves238000","FALSE"
"ves238200",238200,"Marketing","Regular","account.data_account_type_expense","ves238000","FALSE"
"ves238300",238300,"Advertising Public relations","Regular","account.data_account_type_expense","ves238000","FALSE"
"ves238400",238400,"Tradeshows,exhibitions","Regular","account.data_account_type_expense","ves238000","FALSE"
"ves238500",238500,"Promotions","Regular","account.data_account_type_expense","ves238000","FALSE"
"ves239000",239000,"Depreciation","View","account.data_account_type_expense","ves230000","FALSE"
,,,,,,
,,,,,,
,,,,,,
"vea0",0,"Vert Energy Africa (Pty) Ltd","View","account.data_account_type_view",,"FALSE"
"vea1",1,"Balance Sheet","View","account.data_account_type_view","vea0","FALSE"
"vea10",10,"Fixed Assets","View","account.account_type_asset_view1","vea1","FALSE"
"vea100000",100000,"Fixed Asset Account","Regular","account.account_type_asset_view1","vea10","FALSE"
"vea100100",100100,"Property, plant and equipment (PPandE)","View","account.account_type_asset_view1","vea10","FALSE"
"vea100111",100111,"Land and Buildings","Regular","account.data_account_type_asset","vea100100","FALSE"
"vea100112",100112,"Land and Buildings Net Value","Regular","account.data_account_type_asset","vea100111","FALSE"
"vea100113",100113,"Land and Buildings @ Cost","Regular","account.data_account_type_asset","vea100111","FALSE"
"vea100114",100114,"Land and Buildings Accumulated Depreciation","Regular","account.data_account_type_asset","vea100111","FALSE"
"vea100121",100121,"Investment Properties","Regular","account.data_account_type_asset","vea100100","FALSE"
"vea100122",100122,"Investment Properties Net Value","Regular","account.data_account_type_asset","vea100121","FALSE"
"vea100123",100123,"Investment Properties @ Cost","Regular","account.data_account_type_asset","vea100121","FALSE"
"vea100124",100124,"Investment Properties Accumulated Depreciation","Regular","account.data_account_type_asset","vea100121","FALSE"
"vea100131",100131,"Machinery and Tools","Regular","account.data_account_type_asset","vea100100","FALSE"
"vea100132",100132,"Machinery and Tools Net Value","Regular","account.data_account_type_asset","vea100131","FALSE"
"vea100133",100133,"Machinery and Tools @ Cost","Regular","account.data_account_type_asset","vea100131","FALSE"
"vea100134",100134,"Machinery and Tools Accumulated Depreciation","Regular","account.data_account_type_asset","vea100131","FALSE"
"vea100141",100141,"Motor Vehicles","Regular","account.data_account_type_asset","vea100100","FALSE"
"vea100142",100142,"Motor Vehicles Net Value","Regular","account.data_account_type_asset","vea100141","FALSE"
"vea100143",100143,"Motor Vehicles @ Cost","Regular","account.data_account_type_asset","vea100141","FALSE"
"vea100144",100144,"Motor Vehicles Accumulated Depreciation","Regular","account.data_account_type_asset","vea100141","FALSE"
"vea100151",100151,"Warehouse Delivery Equipment","Regular","account.data_account_type_asset","vea100100","FALSE"
"vea100152",100152,"Warehouse Delivery Equipment Net Value","Regular","account.data_account_type_asset","vea100151","FALSE"
"vea100153",100153,"Warehouse Delivery Equipment @ Cost","Regular","account.data_account_type_asset","vea100151","FALSE"
"vea100154",100154,"Warehouse Delivery Equipment Accumulated Depreciation","Regular","account.data_account_type_asset","vea100151","FALSE"
"vea100161",100161,"Furniture and fixtures","Regular","account.data_account_type_asset","vea100100","FALSE"
"vea100162",100162,"Furniture and fixtures Net Value","Regular","account.data_account_type_asset","vea100161","FALSE"
"vea100163",100163,"Furniture and fixtures @ Cost","Regular","account.data_account_type_asset","vea100161","FALSE"
"vea100164",100164,"Furniture and fixtures Accumulated Depreciation","Regular","account.data_account_type_asset","vea100161","FALSE"
"vea100171",100171,"Information systems (Hardware)","Regular","account.data_account_type_asset","vea100100","FALSE"
"vea100172",100172,"Information systems (Hardware) Net Value","Regular","account.data_account_type_asset","vea100171","FALSE"
"vea100173",100173,"Information systems (Hardware) @ Cost","Regular","account.data_account_type_asset","vea100171","FALSE"
"vea100174",100174,"Information systems (Hardware) Accumulated Depreciation","Regular","account.data_account_type_asset","vea100171","FALSE"
"vea100181",100181,"Information systems (Software)","Regular","account.data_account_type_asset","vea100100","FALSE"
"vea100182",100182,"Information systems (Software) Net Value","Regular","account.data_account_type_asset","vea100181","FALSE"
"vea100183",100183,"Information systems (Software) @ Cost","Regular","account.data_account_type_asset","vea100181","FALSE"
"vea100184",100184,"Information systems (Software)) Accumulated Depreciation","Regular","account.data_account_type_asset","vea100181","FALSE"
"vea100200",100200,"Assets to be disposed of","Regular","account.data_account_type_asset","vea100100","FALSE"
"vea11",11,"Net Current Assets","View","account.account_type_asset_view1","vea1","FALSE"
"vea110",110,"Current Assets","View","account.account_type_asset_view1","vea11","FALSE"
"vea110100",110100,"Purchased Stocks (Inventory)","Regular","account.data_account_type_asset","vea110","FALSE"
"vea110110",110110,"Purchased Stocks (Goods In Transit)","Regular","account.data_account_type_asset","vea110","FALSE"
"vea110200",110200,"Debtors (Receivables)","Receivable","account.data_account_type_receivable","vea110","FALSE"
"vea110210",110210,"Staff Loans ","Regular","account.data_account_type_asset","vea110","FALSE"
"vea110300",110300,"Tax Paid","Regular","account.data_account_type_asset","vea110","FALSE"
"vea1104",1104,"Bank All Accounts","View","account.account_type_asset_view1","vea110","FALSE"
"vea110401",110401,"Cash (Not Banked)","Liquidity","account.data_account_type_cash","vea110","FALSE"
"vea110402",110402,"Bank ( F.N.B)","View","account.account_type_asset_view1","vea1104","FALSE"
"vea110403",110403,"First National Bank C.A. 62360129756","Liquidity","account.data_account_type_bank","vea110402","FALSE"
"vea110404",110404,"First National Bank M.M 62361454871","Liquidity","account.data_account_type_bank","vea110402","FALSE"
"vea110405",110405,"First National Bank CFC USD 318124 ","Liquidity","account.data_account_type_bank","vea110402","FALSE"
"vea110406",110406,"First National Bank CFC EUR 318108","Liquidity","account.data_account_type_bank","vea110402","FALSE"
"vea110407",110407,"First National Bank CFC GBP 318116 ","Liquidity","account.data_account_type_bank","vea110402","FALSE"
"vea110408",110408,"First National Bank CFC INR 318132 ","Liquidity","account.data_account_type_bank","vea110402","FALSE"
"vea110408",110408,"Petty Cash","Liquidity","account.data_account_type_cash","vea110","FALSE"
"vea110501",110501,"Advance Payments Received","Regular","account.data_account_type_asset","vea110","FALSE"
"vea110502",110502,"Pre-Paid Expenses","Regular","account.data_account_type_asset","vea110","FALSE"
"vea110503",110503,"Deferred Tax (may be presented net)","Regular","account.data_account_type_asset","vea110","FALSE"
"vea110600",110600,"Opening Income Account","Regular","account.data_account_type_income","vea110","FALSE"
"vea12",12,"Current Liabilities","View","account.account_type_liability_view1","vea1","FALSE"
"vea120000",120000,"Creditors","Payable","account.data_account_type_payable","vea12","FALSE"
"vea120100",120100,"G Robertson","Regular","account.data_account_type_liability","vea12","FALSE"
"vea120200",120200,"D Robertson","Regular","account.data_account_type_liability","vea12","FALSE"
"vea121000",121000,"VAT Account","Regular","account.data_account_type_liability","vea12","FALSE"
"vea121100",121100,"With Holding Taxes","Regular","account.data_account_type_liability","vea12","FALSE"
"vea121200",121200,"Deferred tax (may be presented net)","Regular","account.data_account_type_liability","vea12","FALSE"
"vea121300",121300,"PAYE, SDL, UIF Control Account","Regular","account.data_account_type_liability","vea12","FALSE"
"vea121400",121400,"Medical Aid Control Account","Regular","account.data_account_type_liability","vea12","FALSE"
"vea121500",121500,"VIP Control Account","Regular","account.data_account_type_liability","vea12","FALSE"
"vea122000",122000,"Reserve and Profit/Loss Account (Retained Earnings)","Regular","account.data_account_type_liability","vea12","FALSE"
"vea123000",123000,"Opening Expense Account","Regular","account.data_account_type_liability","vea12","FALSE"
"vea124000",124000,"Notes Payable","Regular","account.data_account_type_liability","vea12","FALSE"
"vea125000",125000,"Short-term loans","Regular","account.data_account_type_liability","vea12","FALSE"
"vea126000",126000,"Other payables","Regular","account.data_account_type_liability","vea12","FALSE"
"vea126100",126100,"Vehicles Wesbank HP - NP200 - 85227783162","Regular","account.data_account_type_liability","vea12","FALSE"
"vea126200",126200,"Vehicles Wesbank HP - NP200 - 85227844225","Regular","account.data_account_type_liability","vea12","FALSE"
"vea126300",126300,"Vehicles BMW Finance - BMWX5 - 150300100904324","Regular","account.data_account_type_liability","vea12","FALSE"
"vea127000",127000,"Shareholders Loan Account","Regular","account.data_account_type_liability","vea12","FALSE"
"vea127100",127100,"G Robertson - Loan Account","Regular","account.data_account_type_liability","vea12","FALSE"
"vea127200",127200,"GR Robertson - Loan Account","Regular","account.data_account_type_liability","vea12","FALSE"
"vea128000",128000,"Accrued and Deferred items","Regular","account.data_account_type_liability","vea12","FALSE"
"vea129000",129000,"Suspense Account","Regular","account.data_account_type_liability","vea12","FALSE"
"vea130000",130000,"Equity","Regular","account.conf_account_type_equity","vea1","FALSE"
"vea2",2,"Profit and Loss","View","account.data_account_type_view","vea0","FALSE"
"vea20",20,"Revenue","View","account.account_type_income_view1","vea2","FALSE"
"vea200000",200000,"Product Sales","Regular","account.data_account_type_income","vea20","FALSE"
"vea201000",201000,"Electric Power Generation","View","account.data_account_type_income","vea200000","FALSE"
"vea201100",201100,"Alternators","Regular","account.data_account_type_income","vea201000","FALSE"
"vea201200",201200,"Engines","Regular","account.data_account_type_income","vea201000","FALSE"
"vea201300",201300,"CKD","Regular","account.data_account_type_income","vea201000","FALSE"
"vea201400",201400,"Heat Exchangers","Regular","account.data_account_type_income","vea201000","FALSE"
"vea201500",201500,"Instrumentation","Regular","account.data_account_type_income","vea201000","FALSE"
"vea201600",201600,"Panels","Regular","account.data_account_type_income","vea201000","FALSE"
"vea201700",201700,"Transfer Switches","Regular","account.data_account_type_income","vea201000","FALSE"
"vea201800",201800,"Load Banks","Regular","account.data_account_type_income","vea201000","FALSE"
"vea201900",201900,"Generators (Complete)","Regular","account.data_account_type_income","vea201000","FALSE"
"vea202000",202000,"Electro-Mechanical Power Transmission","View","account.data_account_type_income","vea200000","FALSE"
"vea202100",202100,"Electric Motors","Regular","account.data_account_type_income","vea202000","FALSE"
"vea202200",202200,"Variable Speed Drives","Regular","account.data_account_type_income","vea202000","FALSE"
"vea202300",202300,"Power Transmission","Regular","account.data_account_type_income","vea202000","FALSE"
"vea203000",203000,"Spare Parts","Regular","account.data_account_type_income","vea202000","FALSE"
"vea204000",204000,"Service And Maintenance","View","account.data_account_type_income","vea20","FALSE"
"vea204100",204100,"Labour","Regular","account.data_account_type_income","vea204000","FALSE"
"vea204200",204200,"Consumables","Regular","account.data_account_type_income","vea204000","FALSE"
"vea204300",204300,"Engineering Services","Regular","account.data_account_type_income","vea204000","FALSE"
"vea204400",204400,"Service Options","Regular","account.data_account_type_income","vea204000","FALSE"
"vea205000",205000,"Training","Regular","account.data_account_type_income","vea20","FALSE"
"vea206000",206000,"Project Management Fees","Regular","account.data_account_type_income","vea20","FALSE"
"vea207000",207000,"Commissions","Regular","account.data_account_type_income","vea20","FALSE"
"vea208000",208000,"Contracts","Regular","account.data_account_type_income","vea20","FALSE"
"vea209000",209000,"General Items","Regular","account.data_account_type_income","vea20","FALSE"
"vea209101",209101,"Freight- Roadfreight","Regular","account.data_account_type_income","vea20","FALSE"
"vea209102",209102,"Freight- Seafreight","Regular","account.data_account_type_income","vea20","FALSE"
"vea209103",209103,"Freight- Airftreight","Regular","account.data_account_type_income","vea20","FALSE"
"vea209200",209200,"Sundry Charges","Regular","account.data_account_type_income","vea20","FALSE"
"vea209300",209300,"Interest Received","Regular","account.data_account_type_income","vea20","FALSE"
"vea209400",209400,"Adjustments","Regular","account.data_account_type_income","vea20","FALSE"
"vea209500",209500,"Cash Discounts","Regular","account.data_account_type_income","vea20","FALSE"
"vea209600",209600,"Returns and Allowances","Regular","account.data_account_type_income","vea20","FALSE"
"vea209700",209700,"Other Adjustments","Regular","account.data_account_type_income","vea20","FALSE"
"vea21",21,"Cost of Sales","View","account.account_type_income_view1","vea2","FALSE"
"vea210000",210000,"Cost of Goods Sold","Regular","account.data_account_type_expense","vea21","FALSE"
"vea211000",211000,"Electric Power Generation","View","account.data_account_type_expense","vea210000","FALSE"
"vea211100",211100,"Alternators","Regular","account.data_account_type_expense","vea211000","FALSE"
"vea211200",211200,"Engines","Regular","account.data_account_type_expense","vea211000","FALSE"
"vea211300",211300,"CKD","Regular","account.data_account_type_expense","vea211000","FALSE"
"vea211400",211400,"Heat Exchangers","Regular","account.data_account_type_expense","vea211000","FALSE"
"vea211500",211500,"Instrumentation","Regular","account.data_account_type_expense","vea211000","FALSE"
"vea211600",211600,"Panels","Regular","account.data_account_type_expense","vea211000","FALSE"
"vea211700",211700,"Transfer Switches","Regular","account.data_account_type_expense","vea211000","FALSE"
"vea211800",211800,"Load Banks","Regular","account.data_account_type_expense","vea211000","FALSE"
"vea211900",211900,"Generators (Complete)","Regular","account.data_account_type_expense","vea211000","FALSE"
"vea212000",212000,"Electro-Mechanical Power Transmission","View","account.data_account_type_expense","vea210000","FALSE"
"vea212100",212100,"Electric Motors","Regular","account.data_account_type_expense","vea212000","FALSE"
"vea212200",212200,"Variable Speed Drives","Regular","account.data_account_type_expense","vea212000","FALSE"
"vea212300",212300,"Power Transmission","Regular","account.data_account_type_expense","vea212000","FALSE"
"vea213000",213000,"Spare Parts","Regular","account.data_account_type_expense","vea212000","FALSE"
"vea214000",214000,"Service And Maintenance","Regular","account.data_account_type_expense","vea21","FALSE"
"vea214100",214100,"Labour","Regular","account.data_account_type_expense","vea21","FALSE"
"vea214200",214200,"Consumables","Regular","account.data_account_type_expense","vea21","FALSE"
"vea214300",214300,"Engineering Services","Regular","account.data_account_type_expense","vea21","FALSE"
"vea214400",214400,"Service Options","Regular","account.data_account_type_expense","vea21","FALSE"
"vea215000",215000,"Training","Regular","account.data_account_type_expense","vea21","FALSE"
"vea216000",216000,"Project Management Fees","Regular","account.data_account_type_expense","vea21","FALSE"
"vea217000",217000,"Commissions","Regular","account.data_account_type_expense","vea21","FALSE"
"vea218000",218000,"Contracts","Regular","account.data_account_type_expense","vea21","FALSE"
"vea219000",219000,"General Items","Regular","account.data_account_type_expense","vea21","FALSE"
"vea219101",219101,"Freight- Roadfreight","Regular","account.data_account_type_expense","vea21","FALSE"
"vea219102",219102,"Freight- Seafreight","Regular","account.data_account_type_expense","vea21","FALSE"
"vea219103",219103,"Freight- Airftreight","Regular","account.data_account_type_expense","vea21","FALSE"
"vea219200",219200,"Sundry Charges","Regular","account.data_account_type_expense","vea21","FALSE"
"vea22",22,"Overheads","View","account.account_type_income_view1","vea2","FALSE"
"vea220000",220000,"Expenses","Regular","account.data_account_type_expense","vea22","FALSE"
"vea221000",221000,"Salary Expenses","Regular","account.data_account_type_expense","vea220000","FALSE"
"vea221100",221100,"Salaries","Regular","account.data_account_type_expense","vea221000","FALSE"
"vea221200",221200,"Commissions","Regular","account.data_account_type_expense","vea221100","FALSE"
"vea221300",221300,"Bonuses","Regular","account.data_account_type_expense","vea221100","FALSE"
"vea221400",221400,"Fringe benefits","Regular","account.data_account_type_expense","vea221100","FALSE"
"vea221500",221500,"Training and Courses","Regular","account.data_account_type_expense","vea221100","FALSE"
"vea222000",222000,"Casual wages","View","account.data_account_type_expense","vea221000","FALSE"
"vea223000",223000,"Remuneration and Emoluments","View","account.data_account_type_expense","vea221000","FALSE"
"vea223100",223100,"Directors Remuneration","Regular","account.data_account_type_expense","vea223000","FALSE"
"vea223200",223200,"Salaries","Regular","account.data_account_type_expense","vea223000","FALSE"
"vea223300",223300,"Commissions","Regular","account.data_account_type_expense","vea223000","FALSE"
"vea223400",223400,"Bonuses","Regular","account.data_account_type_expense","vea223000","FALSE"
"vea223500",223500,"Fringe benefits","Regular","account.data_account_type_expense","vea223000","FALSE"
"vea223600",223600,"Training and Courses","Regular","account.data_account_type_expense","vea221000","FALSE"
"vea225000",225000,"Subcontractors","Regular","account.data_account_type_expense","vea221000","FALSE"
"vea226000",226000,"PAYE SDL UIF","Regular","account.data_account_type_expense","vea221000","FALSE"
"vea230000",230000,"General Expenses","View","account.data_account_type_expense","vea220000","FALSE"
"vea231000",231000,"Professional Services Expenses","View","account.data_account_type_expense","vea230000","FALSE"
"vea231100",231100,"Accounting Fees","Regular","account.data_account_type_expense","vea231000","FALSE"
"vea231200",231200,"Audit Fees","Regular","account.data_account_type_expense","vea231000","FALSE"
"vea231300",231300,"Legal Fees","Regular","account.data_account_type_expense","vea231000","FALSE"
"vea231400",231400,"Consultants Fees","Regular","account.data_account_type_expense","vea231000","FALSE"
"vea232000",232000,"Finance and Tax Related Expenses","View","account.data_account_type_expense","vea230000","FALSE"
"vea232100",232100,"Financial Costs","Regular","account.data_account_type_expense","vea232000","FALSE"
"vea232200",232200,"Bank Charges","Regular","account.data_account_type_expense","vea232000","FALSE"
"vea232300",232300,"Finance Charges","Regular","account.data_account_type_expense","vea232000","FALSE"
"vea232400",232400,"Interest Paid","Regular","account.data_account_type_expense","vea232000","FALSE"
"vea232500",232500,"Penalties Paid","Regular","account.data_account_type_expense","vea232000","FALSE"
"vea232600",232600,"Foreign Exchange","Regular","account.data_account_type_expense","vea232000","FALSE"
"vea232700",232700,"Interest Revenue","Regular","account.data_account_type_expense","vea232000","FALSE"
"vea232800",232800,"Income tax","Regular","account.data_account_type_expense","vea232000","FALSE"
"vea232900",232900,"Provisional Tax","Regular","account.data_account_type_expense","vea232000","FALSE"
"vea232901",232901,"Discounts allowed","Regular","account.data_account_type_expense","vea232000","FALSE"
"vea233000",233000,"Insurance Related Expenses","View","account.data_account_type_expense","vea230000","FALSE"
"vea233100",233100,"Insurance PPE","Regular","account.data_account_type_expense","vea233000","FALSE"
"vea233200",233200,"Insurance Life Policies","Regular","account.data_account_type_expense","vea233000","FALSE"
"vea233300",233300,"Insurance Medical Aid","Regular","account.data_account_type_expense","vea233000","FALSE"
"vea233400",233400,"Levies","Regular","account.data_account_type_expense","vea233000","FALSE"
"vea234000",234000,"Equipment and Vehicle Related Expenses","View","account.data_account_type_expense","vea230000","FALSE"
"vea234100",234100,"Leasing Charges","Regular","account.data_account_type_expense","vea234000","FALSE"
"vea234200",234200,"Motor Vehicles","Regular","account.data_account_type_expense","vea234000","FALSE"
"vea234300",234300,"Office Equipment","Regular","account.data_account_type_expense","vea234000","FALSE"
"vea234400",234400,"Warehouse Equipment","Regular","account.data_account_type_expense","vea234000","FALSE"
"vea234500",234500,"Fuel and Oil","Regular","account.data_account_type_expense","vea234000","FALSE"
"vea234600",234600,"Gas","Regular","account.data_account_type_expense","vea234000","FALSE"
"vea234700",234700,"Service and Maintenance","Regular","account.data_account_type_expense","vea234000","FALSE"
"vea234800",234800,"Vehicle Tracking","Regular","account.data_account_type_expense","vea234000","FALSE"
"vea234900",234900,"Licenses and Registrations","Regular","account.data_account_type_expense","vea234000","FALSE"
"vea234910",234910,"Toll Fees","Regular","account.data_account_type_expense","vea234000","FALSE"
"vea235000",235000,"IT Equipment Related Expenses","View","account.data_account_type_expense","vea230000","FALSE"
"vea235100",235100,"IT and Computers","Regular","account.data_account_type_expense","vea235000","FALSE"
"vea235200",235200,"IT and Computers (Hardware)","Regular","account.data_account_type_expense","vea235000","FALSE"
"vea235300",235300,"IT and Computers (Software)","Regular","account.data_account_type_expense","vea235000","FALSE"
"vea236000",236000,"Product Related Expenses","View","account.data_account_type_expense","vea230000","FALSE"
"vea236100",236100,"Product Warrantees","Regular","account.data_account_type_expense","vea236000","FALSE"
"vea236200",236200,"Research and development","Regular","account.data_account_type_expense","vea236000","FALSE"
"vea236300",236300,"Logistics Charges","Regular","account.data_account_type_expense","vea236000","FALSE"
"vea236400",236400,"Engineering / Modification Charges","Regular","account.data_account_type_expense","vea236000","FALSE"
"vea236500",236500,"Workshop Consumables","Regular","account.data_account_type_expense","vea236000","FALSE"
"vea237000",237000,"Office Related Expenses","View","account.data_account_type_expense","vea230000","FALSE"
"vea237100",237100,"Cleaning and Materials","Regular","account.data_account_type_expense","vea237000","FALSE"
"vea237200",237200,"Courier and Postage","Regular","account.data_account_type_expense","vea237000","FALSE"
"vea237300",237300,"Donations and Gifts","Regular","account.data_account_type_expense","vea237000","FALSE"
"vea237400",237400,"Electricity and Water","Regular","account.data_account_type_expense","vea237000","FALSE"
"vea237500",237500,"Printing and Stationery","Regular","account.data_account_type_expense","vea237000","FALSE"
"vea237600",237600,"Rent Offices and Warehouse","Regular","account.data_account_type_expense","vea237000","FALSE"
"vea237700",237700,"Security","Regular","account.data_account_type_expense","vea237000","FALSE"
"vea237800",237800,"Subscriptions","Regular","account.data_account_type_expense","vea237000","FALSE"
"vea237900",237900,"Telephone and Internet","Regular","account.data_account_type_expense","vea237000","FALSE"
"vea237910",237910,"Travel and Accommodation","Regular","account.data_account_type_expense","vea237000","FALSE"
"vea237920",237920,"Uniforms and Protective Clothing","Regular","account.data_account_type_expense","vea237000","FALSE"
"vea238000",238000,"Marketing Related Expenses","View","account.data_account_type_expense","vea230000","FALSE"
"vea238100",238100,"Entertainment","Regular","account.data_account_type_expense","vea238000","FALSE"
"vea238200",238200,"Marketing","Regular","account.data_account_type_expense","vea238000","FALSE"
"vea238300",238300,"Advertising Public relations","Regular","account.data_account_type_expense","vea238000","FALSE"
"vea238400",238400,"Tradeshows, exhibitions","Regular","account.data_account_type_expense","vea238000","FALSE"
"vea238500",238500,"Promotions","Regular","account.data_account_type_expense","vea238000","FALSE"
"vea239000",239000,"Depreciation","View","account.data_account_type_expense","vea230000","FALSE"
,,,,,,
,,,,,,
,,,,,,
"va0",0,"Vert Energy Africa (Pty) Ltd","View","account.data_account_type_view",,"FALSE"
"va1",1,"Balance Sheet","View","account.data_account_type_view","va0","FALSE"
"va10",10,"Fixed Assets","View","account.account_type_asset_view1","va1","FALSE"
"va100000",100000,"Fixed Asset Account","Regular","account.account_type_asset_view1","va10","FALSE"
"va100100",100100,"Property, plant and equipment (PPandE)","View","account.account_type_asset_view1","va10","FALSE"
"va100111",100111,"Land and Buildings","Regular","account.data_account_type_asset","va100100","FALSE"
"va100112",100112,"Land and Buildings Net Value","Regular","account.data_account_type_asset","va100111","FALSE"
"va100113",100113,"Land and Buildings @ Cost","Regular","account.data_account_type_asset","va100111","FALSE"
"va100114",100114,"Land and Buildings Accumulated Depreciation","Regular","account.data_account_type_asset","va100111","FALSE"
"va100121",100121,"Investment Properties","Regular","account.data_account_type_asset","va100100","FALSE"
"va100122",100122,"Investment Properties Net Value","Regular","account.data_account_type_asset","va100121","FALSE"
"va100123",100123,"Investment Properties @ Cost","Regular","account.data_account_type_asset","va100121","FALSE"
"va100124",100124,"Investment Properties Accumulated Depreciation","Regular","account.data_account_type_asset","va100121","FALSE"
"va100131",100131,"Machinery and Tools","Regular","account.data_account_type_asset","va100100","FALSE"
"va100132",100132,"Machinery and Tools Net Value","Regular","account.data_account_type_asset","va100131","FALSE"
"va100133",100133,"Machinery and Tools @ Cost","Regular","account.data_account_type_asset","va100131","FALSE"
"va100134",100134,"Machinery and Tools Accumulated Depreciation","Regular","account.data_account_type_asset","va100131","FALSE"
"va100141",100141,"Motor Vehicles","Regular","account.data_account_type_asset","va100100","FALSE"
"va100142",100142,"Motor Vehicles Net Value","Regular","account.data_account_type_asset","va100141","FALSE"
"va100143",100143,"Motor Vehicles @ Cost","Regular","account.data_account_type_asset","va100141","FALSE"
"va100144",100144,"Motor Vehicles Accumulated Depreciation","Regular","account.data_account_type_asset","va100141","FALSE"
"va100151",100151,"Warehouse Delivery Equipment","Regular","account.data_account_type_asset","va100100","FALSE"
"va100152",100152,"Warehouse Delivery Equipment Net Value","Regular","account.data_account_type_asset","va100151","FALSE"
"va100153",100153,"Warehouse Delivery Equipment @ Cost","Regular","account.data_account_type_asset","va100151","FALSE"
"va100154",100154,"Warehouse Delivery Equipment Accumulated Depreciation","Regular","account.data_account_type_asset","va100151","FALSE"
"va100161",100161,"Furniture and fixtures","Regular","account.data_account_type_asset","va100100","FALSE"
"va100162",100162,"Furniture and fixtures Net Value","Regular","account.data_account_type_asset","va100161","FALSE"
"va100163",100163,"Furniture and fixtures @ Cost","Regular","account.data_account_type_asset","va100161","FALSE"
"va100164",100164,"Furniture and fixtures Accumulated Depreciation","Regular","account.data_account_type_asset","va100161","FALSE"
"va100171",100171,"Information systems (Hardware)","Regular","account.data_account_type_asset","va100100","FALSE"
"va100172",100172,"Information systems (Hardware) Net Value","Regular","account.data_account_type_asset","va100171","FALSE"
"va100173",100173,"Information systems (Hardware) @ Cost","Regular","account.data_account_type_asset","va100171","FALSE"
"va100174",100174,"Information systems (Hardware) Accumulated Depreciation","Regular","account.data_account_type_asset","va100171","FALSE"
"va100181",100181,"Information systems (Software)","Regular","account.data_account_type_asset","va100100","FALSE"
"va100182",100182,"Information systems (Software) Net Value","Regular","account.data_account_type_asset","va100181","FALSE"
"va100183",100183,"Information systems (Software) @ Cost","Regular","account.data_account_type_asset","va100181","FALSE"
"va100184",100184,"Information systems (Software)) Accumulated Depreciation","Regular","account.data_account_type_asset","va100181","FALSE"
"va100200",100200,"Assets to be disposed of","Regular","account.data_account_type_asset","va100100","FALSE"
"va11",11,"Net Current Assets","View","account.account_type_asset_view1","va1","FALSE"
"va110",110,"Current Assets","View","account.account_type_asset_view1","va11","FALSE"
"va110100",110100,"Purchased Stocks (Inventory)","Regular","account.data_account_type_asset","va110","FALSE"
"va110110",110110,"Purchased Stocks (Goods In Transit)","Regular","account.data_account_type_asset","va110","FALSE"
"va110200",110200,"Debtors (Receivables)","Receivable","account.data_account_type_receivable","va110","FALSE"
"va110210",110210,"Staff Loans ","Regular","account.data_account_type_asset","va110","FALSE"
"va110300",110300,"Tax Paid","Regular","account.data_account_type_asset","va110","FALSE"
"va1104",1104,"Bank All Accounts","View","account.account_type_asset_view1","va110","FALSE"
"va110401",110401,"Cash (Not Banked)","Liquidity","account.data_account_type_cash","va110","FALSE"
"va110402",110402,"Bank ( F.N.B)","View","account.account_type_asset_view1","va1104","FALSE"
"va110403",110403,"First National Bank C.A. 62575604858","Liquidity","account.data_account_type_bank","va110402","FALSE"
"va110404",110404,"First National Bank M.M. 62575607258","Liquidity","account.data_account_type_bank","va110402","FALSE"
"va110408",110408,"Petty Cash","Liquidity","account.data_account_type_cash","va110","FALSE"
"va110501",110501,"Advance Payments Received","Regular","account.data_account_type_asset","va110","FALSE"
"va110502",110502,"Pre-Paid Expenses","Regular","account.data_account_type_asset","va110","FALSE"
"va110503",110503,"Deferred Tax (may be presented net)","Regular","account.data_account_type_asset","va110","FALSE"
"va110600",110600,"Opening Income Account","Regular","account.data_account_type_income","va110","FALSE"
"va12",12,"Current Liabilities","View","account.account_type_liability_view1","va1","FALSE"
"va120000",120000,"Creditors","Payable","account.data_account_type_payable","va12","FALSE"
"va120100",120100,"G R Robertson","Regular","account.data_account_type_liability","va12","FALSE"
"va121000",121000,"VAT Account","Regular","account.data_account_type_liability","va12","FALSE"
"va121100",121100,"With Holding Taxes","Regular","account.data_account_type_liability","va12","FALSE"
"va121200",121200,"Deferred tax (may be presented net)","Regular","account.data_account_type_liability","va12","FALSE"
"va121300",121300,"PAYE, SDL, UIF Control Account","Regular","account.data_account_type_liability","va12","FALSE"
"va121400",121400,"Medical Aid Control Account","Regular","account.data_account_type_liability","va12","FALSE"
"va121500",121500,"VIP Control Account","Regular","account.data_account_type_liability","va12","FALSE"
"va122000",122000,"Reserve and Profit/Loss Account (Retained Earnings)","Regular","account.data_account_type_liability","va12","FALSE"
"va123000",123000,"Opening Expense Account","Regular","account.data_account_type_liability","va12","FALSE"
"va124000",124000,"Notes Payable","Regular","account.data_account_type_liability","va12","FALSE"
"va125000",125000,"Short-term loans","Regular","account.data_account_type_liability","va12","FALSE"
"va126000",126000,"Other payables","Regular","account.data_account_type_liability","va12","FALSE"
"va126100",126100,"Vehicles (1)","Regular","account.data_account_type_liability","va12","FALSE"
"va127000",127000,"Shareholders Loan Account","Regular","account.data_account_type_liability","va12","FALSE"
"va127100",127100,"TM Sibiya - Loan Account","Regular","account.data_account_type_liability","va12","FALSE"
"va127200",127200,"GR Robertson - Loan Account","Regular","account.data_account_type_liability","va12","FALSE"
"va128000",128000,"Accrued and Deferred items","Regular","account.data_account_type_liability","va12","FALSE"
"va129000",129000,"Suspense Account","Regular","account.data_account_type_liability","va12","FALSE"
"va130000",130000,"Equity","Regular","account.conf_account_type_equity","va1","FALSE"
"va2",2,"Profit and Loss","View","account.data_account_type_view","va0","FALSE"
"va20",20,"Revenue","View","account.account_type_income_view1","va2","FALSE"
"va200000",200000,"Product Sales","Regular","account.data_account_type_income","va20","FALSE"
"va201000",201000,"Electric Power Generation","View","account.data_account_type_income","va200000","FALSE"
"va201100",201100,"Alternators","Regular","account.data_account_type_income","va201000","FALSE"
"va201200",201200,"Engines","Regular","account.data_account_type_income","va201000","FALSE"
"va201300",201300,"CKD","Regular","account.data_account_type_income","va201000","FALSE"
"va201400",201400,"Heat Exchangers","Regular","account.data_account_type_income","va201000","FALSE"
"va201500",201500,"Instrumentation","Regular","account.data_account_type_income","va201000","FALSE"
"va201600",201600,"Panels","Regular","account.data_account_type_income","va201000","FALSE"
"va201700",201700,"Transfer Switches","Regular","account.data_account_type_income","va201000","FALSE"
"va201800",201800,"Load Banks","Regular","account.data_account_type_income","va201000","FALSE"
"va201900",201900,"Generators (Complete)","Regular","account.data_account_type_income","va201000","FALSE"
"va202000",202000,"Electro-Mechanical Power Transmission","View","account.data_account_type_income","va200000","FALSE"
"va202100",202100,"Electric Motors","Regular","account.data_account_type_income","va202000","FALSE"
"va202200",202200,"Variable Speed Drives","Regular","account.data_account_type_income","va202000","FALSE"
"va202300",202300,"Power Transmission","Regular","account.data_account_type_income","va202000","FALSE"
"va203000",203000,"Spare Parts","Regular","account.data_account_type_income","va202000","FALSE"
"va204000",204000,"Service And Maintenance","View","account.data_account_type_income","va20","FALSE"
"va204100",204100,"Labour","Regular","account.data_account_type_income","va204000","FALSE"
"va204200",204200,"Consumables","Regular","account.data_account_type_income","va204000","FALSE"
"va204300",204300,"Engineering Services","Regular","account.data_account_type_income","va204000","FALSE"
"va204400",204400,"Service Options","Regular","account.data_account_type_income","va204000","FALSE"
"va205000",205000,"Training","Regular","account.data_account_type_income","va20","FALSE"
"va206000",206000,"Project Management Fees","Regular","account.data_account_type_income","va20","FALSE"
"va207000",207000,"Commissions","Regular","account.data_account_type_income","va20","FALSE"
"va208000",208000,"Contracts","Regular","account.data_account_type_income","va20","FALSE"
"va209000",209000,"General Items","Regular","account.data_account_type_income","va20","FALSE"
"va209101",209101,"Freight- Roadfreight","Regular","account.data_account_type_income","va20","FALSE"
"va209102",209102,"Freight- Seafreight","Regular","account.data_account_type_income","va20","FALSE"
"va209103",209103,"Freight- Airftreight","Regular","account.data_account_type_income","va20","FALSE"
"va209200",209200,"Sundry Charges","Regular","account.data_account_type_income","va20","FALSE"
"va209300",209300,"Interest Received","Regular","account.data_account_type_income","va20","FALSE"
"va209400",209400,"Adjustments","Regular","account.data_account_type_income","va20","FALSE"
"va209500",209500,"Cash Discounts","Regular","account.data_account_type_income","va20","FALSE"
"va209600",209600,"Returns and Allowances","Regular","account.data_account_type_income","va20","FALSE"
"va209700",209700,"Other Adjustments","Regular","account.data_account_type_income","va20","FALSE"
"va21",21,"Cost of Sales","View","account.account_type_income_view1","va2","FALSE"
"va210000",210000,"Cost of Goods Sold","Regular","account.data_account_type_expense","va21","FALSE"
"va211000",211000,"Electric Power Generation","View","account.data_account_type_expense","va210000","FALSE"
"va211100",211100,"Alternators","Regular","account.data_account_type_expense","va211000","FALSE"
"va211200",211200,"Engines","Regular","account.data_account_type_expense","va211000","FALSE"
"va211300",211300,"CKD","Regular","account.data_account_type_expense","va211000","FALSE"
"va211400",211400,"Heat Exchangers","Regular","account.data_account_type_expense","va211000","FALSE"
"va211500",211500,"Instrumentation","Regular","account.data_account_type_expense","va211000","FALSE"
"va211600",211600,"Panels","Regular","account.data_account_type_expense","va211000","FALSE"
"va211700",211700,"Transfer Switches","Regular","account.data_account_type_expense","va211000","FALSE"
"va211800",211800,"Load Banks","Regular","account.data_account_type_expense","va211000","FALSE"
"va211900",211900,"Generators (Complete)","Regular","account.data_account_type_expense","va211000","FALSE"
"va212000",212000,"Electro-Mechanical Power Transmission","View","account.data_account_type_expense","va210000","FALSE"
"va212100",212100,"Electric Motors","Regular","account.data_account_type_expense","va212000","FALSE"
"va212200",212200,"Variable Speed Drives","Regular","account.data_account_type_expense","va212000","FALSE"
"va212300",212300,"Power Transmission","Regular","account.data_account_type_expense","va212000","FALSE"
"va213000",213000,"Spare Parts","Regular","account.data_account_type_expense","va212000","FALSE"
"va214000",214000,"Service And Maintenance","Regular","account.data_account_type_expense","va21","FALSE"
"va214100",214100,"Labour","Regular","account.data_account_type_expense","va21","FALSE"
"va214200",214200,"Consumables","Regular","account.data_account_type_expense","va21","FALSE"
"va214300",214300,"Engineering Services","Regular","account.data_account_type_expense","va21","FALSE"
"va214400",214400,"Service Options","Regular","account.data_account_type_expense","va21","FALSE"
"va215000",215000,"Training","Regular","account.data_account_type_expense","va21","FALSE"
"va216000",216000,"Project Management Fees","Regular","account.data_account_type_expense","va21","FALSE"
"va217000",217000,"Commissions","Regular","account.data_account_type_expense","va21","FALSE"
"va218000",218000,"Contracts","Regular","account.data_account_type_expense","va21","FALSE"
"va219000",219000,"General Items","Regular","account.data_account_type_expense","va21","FALSE"
"va219101",219101,"Freight- Roadfreight","Regular","account.data_account_type_expense","va21","FALSE"
"va219102",219102,"Freight- Seafreight","Regular","account.data_account_type_expense","va21","FALSE"
"va219103",219103,"Freight- Airftreight","Regular","account.data_account_type_expense","va21","FALSE"
"va219200",219200,"Sundry Charges","Regular","account.data_account_type_expense","va21","FALSE"
"va22",22,"Overheads","View","account.account_type_income_view1","va2","FALSE"
"va220000",220000,"Expenses","Regular","account.data_account_type_expense","va22","FALSE"
"va221000",221000,"Salary Expenses","Regular","account.data_account_type_expense","va220000","FALSE"
"va221100",221100,"Salaries","Regular","account.data_account_type_expense","va221000","FALSE"
"va221200",221200,"Commissions","Regular","account.data_account_type_expense","va221100","FALSE"
"va221300",221300,"Bonuses","Regular","account.data_account_type_expense","va221100","FALSE"
"va221400",221400,"Fringe benefits","Regular","account.data_account_type_expense","va221100","FALSE"
"va221500",221500,"Training and Courses","Regular","account.data_account_type_expense","va221100","FALSE"
"va222000",222000,"Casual wages","View","account.data_account_type_expense","va221000","FALSE"
"va223000",223000,"Remuneration and Emoluments","View","account.data_account_type_expense","va221000","FALSE"
"va223100",223100,"Directors Remuneration","Regular","account.data_account_type_expense","va223000","FALSE"
"va223200",223200,"Salaries","Regular","account.data_account_type_expense","va223000","FALSE"
"va223300",223300,"Commissions","Regular","account.data_account_type_expense","va223000","FALSE"
"va223400",223400,"Bonuses","Regular","account.data_account_type_expense","va223000","FALSE"
"va223500",223500,"Fringe benefits","Regular","account.data_account_type_expense","va223000","FALSE"
"va223600",223600,"Training and Courses","Regular","account.data_account_type_expense","va221000","FALSE"
"va225000",225000,"Subcontractors","Regular","account.data_account_type_expense","va221000","FALSE"
"va226000",226000,"PAYE SDL UIF","Regular","account.data_account_type_expense","va221000","FALSE"
"va230000",230000,"General Expenses","View","account.data_account_type_expense","va220000","FALSE"
"va231000",231000,"Professional Services Expenses","View","account.data_account_type_expense","va230000","FALSE"
"va231100",231100,"Accounting Fees","Regular","account.data_account_type_expense","va231000","FALSE"
"va231200",231200,"Audit Fees","Regular","account.data_account_type_expense","va231000","FALSE"
"va231300",231300,"Legal Fees","Regular","account.data_account_type_expense","va231000","FALSE"
"va231400",231400,"Consultants Fees","Regular","account.data_account_type_expense","va231000","FALSE"
"va232000",232000,"Finance and Tax Related Expenses","View","account.data_account_type_expense","va230000","FALSE"
"va232100",232100,"Financial Costs","Regular","account.data_account_type_expense","va232000","FALSE"
"va232200",232200,"Bank Charges","Regular","account.data_account_type_expense","va232000","FALSE"
"va232300",232300,"Finance Charges","Regular","account.data_account_type_expense","va232000","FALSE"
"va232400",232400,"Interest Paid","Regular","account.data_account_type_expense","va232000","FALSE"
"va232500",232500,"Penalties Paid","Regular","account.data_account_type_expense","va232000","FALSE"
"va232600",232600,"Foreign Exchange","Regular","account.data_account_type_expense","va232000","FALSE"
"va232700",232700,"Interest Revenue","Regular","account.data_account_type_expense","va232000","FALSE"
"va232800",232800,"Income tax","Regular","account.data_account_type_expense","va232000","FALSE"
"va232900",232900,"Provisional Tax","Regular","account.data_account_type_expense","va232000","FALSE"
"va232901",232901,"Discounts allowed","Regular","account.data_account_type_expense","va232000","FALSE"
"va233000",233000,"Insurance Related Expenses","View","account.data_account_type_expense","va230000","FALSE"
"va233100",233100,"Insurance PPE","Regular","account.data_account_type_expense","va233000","FALSE"
"va233200",233200,"Insurance Life Policies","Regular","account.data_account_type_expense","va233000","FALSE"
"va233300",233300,"Insurance Medical Aid","Regular","account.data_account_type_expense","va233000","FALSE"
"va233400",233400,"Levies","Regular","account.data_account_type_expense","va233000","FALSE"
"va234000",234000,"Equipment and Vehicle Related Expenses","View","account.data_account_type_expense","va230000","FALSE"
"va234100",234100,"Leasing Charges","Regular","account.data_account_type_expense","va234000","FALSE"
"va234200",234200,"Motor Vehicles","Regular","account.data_account_type_expense","va234000","FALSE"
"va234300",234300,"Office Equipment","Regular","account.data_account_type_expense","va234000","FALSE"
"va234400",234400,"Warehouse Equipment","Regular","account.data_account_type_expense","va234000","FALSE"
"va234500",234500,"Fuel and Oil","Regular","account.data_account_type_expense","va234000","FALSE"
"va234600",234600,"Gas","Regular","account.data_account_type_expense","va234000","FALSE"
"va234700",234700,"Service and Maintenance","Regular","account.data_account_type_expense","va234000","FALSE"
"va234800",234800,"Vehicle Tracking","Regular","account.data_account_type_expense","va234000","FALSE"
"va234900",234900,"Licenses and Registrations","Regular","account.data_account_type_expense","va234000","FALSE"
"va234910",234910,"Toll Fees","Regular","account.data_account_type_expense","va234000","FALSE"
"va235000",235000,"IT Equipment Related Expenses","View","account.data_account_type_expense","va230000","FALSE"
"va235100",235100,"IT and Computers","Regular","account.data_account_type_expense","va235000","FALSE"
"va235200",235200,"IT and Computers (Hardware)","Regular","account.data_account_type_expense","va235000","FALSE"
"va235300",235300,"IT and Computers (Software)","Regular","account.data_account_type_expense","va235000","FALSE"
"va236000",236000,"Product Related Expenses","View","account.data_account_type_expense","va230000","FALSE"
"va236100",236100,"Product Warrantees","Regular","account.data_account_type_expense","va236000","FALSE"
"va236200",236200,"Research and development","Regular","account.data_account_type_expense","va236000","FALSE"
"va236300",236300,"Logistics Charges","Regular","account.data_account_type_expense","va236000","FALSE"
"va236400",236400,"Engineering / Modification Charges","Regular","account.data_account_type_expense","va236000","FALSE"
"va236500",236500,"Workshop Consumables","Regular","account.data_account_type_expense","va236000","FALSE"
"va237000",237000,"Office Related Expenses","View","account.data_account_type_expense","va230000","FALSE"
"va237100",237100,"Cleaning and Materials","Regular","account.data_account_type_expense","va237000","FALSE"
"va237200",237200,"Courier and Postage","Regular","account.data_account_type_expense","va237000","FALSE"
"va237300",237300,"Donations and Gifts","Regular","account.data_account_type_expense","va237000","FALSE"
"va237400",237400,"Electricity and Water","Regular","account.data_account_type_expense","va237000","FALSE"
"va237500",237500,"Printing and Stationery","Regular","account.data_account_type_expense","va237000","FALSE"
"va237600",237600,"Rent Offices and Warehouse","Regular","account.data_account_type_expense","va237000","FALSE"
"va237700",237700,"Security","Regular","account.data_account_type_expense","va237000","FALSE"
"va237800",237800,"Subscriptions","Regular","account.data_account_type_expense","va237000","FALSE"
"va237900",237900,"Telephone and Internet","Regular","account.data_account_type_expense","va237000","FALSE"
"va237910",237910,"Travel and Accommodation","Regular","account.data_account_type_expense","va237000","FALSE"
"va237920",237920,"Uniforms and Protective Clothing","Regular","account.data_account_type_expense","va237000","FALSE"
"va238000",238000,"Marketing Related Expenses","View","account.data_account_type_expense","va230000","FALSE"
"va238100",238100,"Entertainment","Regular","account.data_account_type_expense","va238000","FALSE"
"va238200",238200,"Marketing","Regular","account.data_account_type_expense","va238000","FALSE"
"va238300",238300,"Advertising Public relations","Regular","account.data_account_type_expense","va238000","FALSE"
"va238400",238400,"Tradeshows, exhibitions","Regular","account.data_account_type_expense","va238000","FALSE"
"va238500",238500,"Promotions","Regular","account.data_account_type_expense","va238000","FALSE"
"va239000",239000,"Depreciation","View","account.data_account_type_expense","va230000","FALSE"
